"0","# install.packages(""data.table"")"
"0","# install.packages(""readxl"")"
"0","# install.packages(""tidyverse"")"
"0","# install.packages(""lubridate"")"
"0","# install.packages(""skimr"")"
"0","# install.packages(""knitr"")"
"0","# install.packages(""treemap"")"
"0","# install.packages(""installr"")"
"0","# "
"0","# library(installr)"
"0","# "
"0","# updateR()"
"0",""
"0","#Getting Libraries"
"0","library(data.table)"
"0","library(readxl)"
"0","library(tidyverse)"
"0","library(lubridate)"
"0","library(skimr)"
"0","library(knitr)"
"0","library(treemap)"
